experiment,interest_score,distance,time_sec,route_length,route_text,yandex_url
user_1_1_military_focus,10,1700.3948702456562,25.830540418624878,2,П. П. Мельникову -> Место-сюрприз,"https://yandex.ru/maps/?mode=routes&rtext=59.927085,30.317504~59.9242825,30.3173745~59.93234,30.3214526~59.935408,30.327108&rtt=pd"
user_1_1_military_focus,76,87128.60682028212,25.830540418624878,15,"ДОТ ""Миллионер"" -> Место-сюрприз -> Храм Сергия Радонежского (1900-1931) -> Медикам-балтийцам, павшим в боях за Родину 1941-1945 -> Пассажирский вагон -> В. И. Ленин -> Место-сюрприз -> В. И. Вернадскому -> Водомерный столб -> П. П. Мельникову -> Место-сюрприз -> Д. Кваренги -> Место-сюрприз -> Братская могила воинов 2-го зенитно-пулемётного полка -> Карл Фаберже","https://yandex.ru/maps/?mode=routes&rtext=59.927085,30.317504~60.1509998,30.0177469~59.9080198,30.2720124~59.9027099,30.2845042~59.91437,30.2790648~59.9045194,30.2974619~59.9268392,30.2899849~59.9380373,30.280544~59.9364644,30.2859021~59.9315433,30.3077275~59.9242825,30.3173745~59.9359266,30.3232621~59.9427152,30.3174662~59.9532698,30.3165042~59.9106833,30.4308357~59.9341673,30.4362664~59.935408,30.327108&rtt=pd"
user_1_1_military_focus,75,33211.98255609606,25.830540418624878,15,"Место-сюрприз -> Храм Сергия Радонежского (1900-1931) -> Медикам-балтийцам, павшим в боях за Родину 1941-1945 -> Пассажирский вагон -> Место-сюрприз -> В. И. Вернадскому -> Водомерный столб -> П. П. Мельникову -> Газовые фонари вокруг памятника Пржевальскому -> Место-сюрприз -> Место-сюрприз -> Д. Кваренги -> Место-сюрприз -> Братская могила воинов 2-го зенитно-пулемётного полка -> Карл Фаберже","https://yandex.ru/maps/?mode=routes&rtext=59.927085,30.317504~59.9080198,30.2720124~59.9027099,30.2845042~59.91437,30.2790648~59.9045194,30.2974619~59.9380373,30.280544~59.9364644,30.2859021~59.9315433,30.3077275~59.9242825,30.3173745~59.9361132,30.3078349~59.93234,30.3214526~59.9359266,30.3232621~59.9427152,30.3174662~59.9532698,30.3165042~59.9106833,30.4308357~59.9341673,30.4362664~59.935408,30.327108&rtt=pd"
user_1_1_military_focus,50,11540.93637136649,25.830540418624878,10,"Медикам-балтийцам, павшим в боях за Родину 1941-1945 -> В. И. Ленин -> Место-сюрприз -> В. И. Вернадскому -> Водомерный столб -> П. П. Мельникову -> Газовые фонари вокруг памятника Пржевальскому -> Место-сюрприз -> Место-сюрприз -> Д. Кваренги","https://yandex.ru/maps/?mode=routes&rtext=59.927085,30.317504~59.91437,30.2790648~59.9268392,30.2899849~59.9380373,30.280544~59.9364644,30.2859021~59.9315433,30.3077275~59.9242825,30.3173745~59.9361132,30.3078349~59.93234,30.3214526~59.9359266,30.3232621~59.9427152,30.3174662~59.935408,30.327108&rtt=pd"

user_1_2_military_focus,5,1648.1977054158112,24.015817642211914,2,Majestic -> Дом Крылова,"https://yandex.ru/maps/?mode=routes&rtext=59.927085,30.317504~59.9331194,30.3333685~59.9334655,30.3340397~59.935408,30.327108&rtt=pd"
user_1_2_military_focus,76,32577.579282310748,24.015817642211914,15,А. И. Шёгрену -> А. М. Ляпунову -> И. Д. Луцевичу -> Памятник императору Николаю I -> Н. В. Гоголю -> Дом Крылова -> Экспериментальная ракета РЛА-1 с двигателем ОРМ-52 -> В. И. Ленин -> Л. Пантелееву -> Бартоломео Растрелли -> Место-сюрприз -> Место-сюрприз -> В. И. Колесову -> М. М. Сомову -> В.И. Чуйков,"https://yandex.ru/maps/?mode=routes&rtext=59.927085,30.317504~59.9368543,30.2856439~59.9365087,30.286023~59.9460587,30.2788893~59.932104,30.3084347~59.9363846,30.3249886~59.9334655,30.3340397~59.9518329,30.3209433~59.9621386,30.315744~59.9579331,30.3215987~59.9360436,30.3408131~59.9684361,30.3134421~59.942444,30.3411057~59.9652283,30.3225556~59.9537182,30.3566923~60.0266812,30.3298542~59.935408,30.327108&rtt=pd"
user_1_2_military_focus,66,16649.433232403273,24.015817642211914,13,А. И. Шёгрену -> А. М. Ляпунову -> А. А. Ахматова -> Памятник императору Николаю I -> Н. В. Гоголю -> Дом Крылова -> В. И. Ленин -> Л. Пантелееву -> Бартоломео Растрелли -> Место-сюрприз -> Место-сюрприз -> В. И. Колесову -> М. М. Сомову,"https://yandex.ru/maps/?mode=routes&rtext=59.927085,30.317504~59.9368543,30.2856439~59.9365087,30.286023~59.9402682,30.2983986~59.932104,30.3084347~59.9363846,30.3249886~59.9334655,30.3340397~59.9621386,30.315744~59.9579331,30.3215987~59.9360436,30.3408131~59.9684361,30.3134421~59.942444,30.3411057~59.9652283,30.3225556~59.9537182,30.3566923~59.935408,30.327108&rtt=pd"
user_1_2_military_focus,71,29520.74314351915,24.015817642211914,14,А. И. Шёгрену -> А. М. Ляпунову -> И. Д. Луцевичу -> Памятник императору Николаю I -> Н. В. Гоголю -> Дом Крылова -> В. И. Ленин -> Л. Пантелееву -> Бартоломео Растрелли -> Место-сюрприз -> Место-сюрприз -> В. И. Колесову -> М. М. Сомову -> В.И. Чуйков,"https://yandex.ru/maps/?mode=routes&rtext=59.927085,30.317504~59.9368543,30.2856439~59.9365087,30.286023~59.9460587,30.2788893~59.932104,30.3084347~59.9363846,30.3249886~59.9334655,30.3340397~59.9621386,30.315744~59.9579331,30.3215987~59.9360436,30.3408131~59.9684361,30.3134421~59.942444,30.3411057~59.9652283,30.3225556~59.9537182,30.3566923~60.0266812,30.3298542~59.935408,30.327108&rtt=pd"

user_1_3_military_focus,5,1309.1133336522523,27.306629180908203,1,И. В. Гёте,"https://yandex.ru/maps/?mode=routes&rtext=59.927085,30.317504~59.9364404,30.3240017~59.935408,30.327108&rtt=pd"
user_1_3_military_focus,76,30636.647547068867,27.306629180908203,15,Водонапорная башня завода «Красный гвоздильщик» -> Двухосный полувагон -> М. К. Чюрлёнису -> Место-сюрприз -> Л. В. Щерба -> И. В. Гёте -> Г. И. Турнеру -> Место-сюрприз -> Место-сюрприз -> Е. П. Корчагиной-Александровской -> М. И. Петипа -> А. А. Вермишеву -> Место-сюрприз -> В. Н. Шамову -> Ниеншанц,"https://yandex.ru/maps/?mode=routes&rtext=59.927085,30.317504~59.9283231,30.2649834~59.9037041,30.2962007~59.9217067,30.2893335~59.9193136,30.2981244~59.9402686,30.2983038~59.9364404,30.3240017~59.9619483,30.3018995~59.948575,30.3171062~59.9486459,30.3177394~59.9291279,30.3361405~59.9303574,30.3357223~59.9643629,30.3100206~59.9618429,30.319234~59.9345835,30.354087~59.9438434,30.4067847~59.935408,30.327108&rtt=pd"
user_1_3_military_focus,75,19014.05349384772,27.306629180908203,15,Водонапорная башня завода «Красный гвоздильщик» -> М. К. Чюрлёнису -> Место-сюрприз -> Л. В. Щерба -> Место-сюрприз -> В. Н. Черниговскому -> Место-сюрприз -> И. В. Гёте -> Г. И. Турнеру -> Место-сюрприз -> Место-сюрприз -> Е. П. Корчагиной-Александровской -> М. И. Петипа -> А. А. Вермишеву -> Место-сюрприз,"https://yandex.ru/maps/?mode=routes&rtext=59.927085,30.317504~59.9283231,30.2649834~59.9217067,30.2893335~59.9193136,30.2981244~59.9402686,30.2983038~59.9416449,30.2995305~59.9451328,30.2998018~59.9392848,30.3104615~59.9364404,30.3240017~59.9619483,30.3018995~59.948575,30.3171062~59.9486459,30.3177394~59.9291279,30.3361405~59.9303574,30.3357223~59.9643629,30.3100206~59.9618429,30.319234~59.935408,30.327108&rtt=pd"

user_1_4_military_focus,10,2205.7448973807122,26.338998556137085,2,М. В. Захарову -> Отправная точка Гражданской войны в России,"https://yandex.ru/maps/?mode=routes&rtext=59.927085,30.317504~59.938068,30.314711~59.9395078,30.3150087~59.935408,30.327108&rtt=pd"
user_1_4_military_focus,76,70401.53006766294,26.338998556137085,15,Часовня святого благоверного князя Игоря Черниговского -> В. И. Ермаку -> Памятник Володе Ермаку -> Место-сюрприз -> Место-сюрприз -> Первый петербургский комитет Почтово-телеграфного союза -> В. В. Конецкому -> Н. А. Римский-Корсаков -> П. П. Мельникову -> М. В. Захарову -> Место-сюрприз -> Место-сюрприз -> Место-сюрприз -> Коту от благодарных исследователей -> Д. Н. Мамину-Сибиряку,"https://yandex.ru/maps/?mode=routes&rtext=59.927085,30.317504~59.7183916,30.411235~59.9220163,30.2804829~59.9208308,30.28302~59.9341454,30.2730284~59.934613,30.2786372~59.9241567,30.2898978~59.9309087,30.2899356~59.9264839,30.2971617~59.9242825,30.3173745~59.938068,30.314711~59.9522249,30.3116857~59.9502607,30.3217969~59.9661018,30.3164529~59.9655568,30.3194~59.9410932,30.3571312~59.935408,30.327108&rtt=pd"
user_1_4_military_focus,70,15623.14283560161,26.338998556137085,14,В. И. Ермаку -> Памятник Володе Ермаку -> Место-сюрприз -> Место-сюрприз -> Первый петербургский комитет Почтово-телеграфного союза -> В. В. Конецкому -> Н. А. Римский-Корсаков -> Хо Ши Мин -> П. П. Мельникову -> М. В. Захарову -> Отправная точка Гражданской войны в России -> Место-сюрприз -> Место-сюрприз -> Место-сюрприз,"https://yandex.ru/maps/?mode=routes&rtext=59.927085,30.317504~59.9220163,30.2804829~59.9208308,30.28302~59.9341454,30.2730284~59.934613,30.2786372~59.9241567,30.2898978~59.9309087,30.2899356~59.9264839,30.2971617~59.9403297,30.298742~59.9242825,30.3173745~59.938068,30.314711~59.9395078,30.3150087~59.9522249,30.3116857~59.9502607,30.3217969~59.9661018,30.3164529~59.935408,30.327108&rtt=pd"

user_2_1_religion_focus,2,1255.6483439250696,25.401726245880127,2,Вышина воды 7го ноября 1824 года -> И. И. Бецкому,"https://yandex.ru/maps/?mode=routes&rtext=59.927085,30.317504~59.9316327,30.3171609~59.9329937,30.31754~59.935408,30.327108&rtt=pd"
user_2_1_religion_focus,59,37577.391745221496,25.401726245880127,15,Место-сюрприз -> В. В. Набокову -> Вышина воды 7го ноября 1824 года -> И. И. Бецкому -> Памятный знак на месте собора -> Место-сюрприз -> Место-сюрприз -> Памятный камень П.Шпунтенков -> Поперечный канал и «шутишный» мост -> Кофейный домик -> Иридарий -> Растения Северо-запада -> Схема общественного транспорта -> Схема общественного транспорта -> Схема общественного транспорта,"https://yandex.ru/maps/?mode=routes&rtext=59.927085,30.317504~59.9185778,30.2972209~59.9318236,30.3049746~59.9316327,30.3171609~59.9329937,30.31754~59.9210999,30.3285294~59.9498138,30.3208055~59.9510215,30.3218083~59.9693733,30.3098922~59.9448828,30.3354022~59.9460357,30.3366859~59.9707354,30.321992~59.9690698,30.3263238~59.9281566,30.4126809~59.9282554,30.4126011~59.9221648,30.4199664~59.935408,30.327108&rtt=pd"
user_2_1_religion_focus,54,34471.64057553522,25.401726245880127,14,Место-сюрприз -> В. В. Набокову -> Вышина воды 7го ноября 1824 года -> И. И. Бецкому -> Памятный знак на месте собора -> Место-сюрприз -> Памятный камень П.Шпунтенков -> Поперечный канал и «шутишный» мост -> Кофейный домик -> Иридарий -> Растения Северо-запада -> Схема общественного транспорта -> Схема общественного транспорта -> Схема общественного транспорта,"https://yandex.ru/maps/?mode=routes&rtext=59.927085,30.317504~59.9185778,30.2972209~59.9318236,30.3049746~59.9316327,30.3171609~59.9329937,30.31754~59.9210999,30.3285294~59.9510215,30.3218083~59.9693733,30.3098922~59.9448828,30.3354022~59.9460357,30.3366859~59.9707354,30.321992~59.9690698,30.3263238~59.9281566,30.4126809~59.9282554,30.4126011~59.9221648,30.4199664~59.935408,30.327108&rtt=pd"
user_2_1_religion_focus,43,21419.077887354273,25.401726245880127,11,В. В. Набокову -> Вышина воды 7го ноября 1824 года -> И. И. Бецкому -> Место-сюрприз -> Памятный камень П.Шпунтенков -> Поперечный канал и «шутишный» мост -> Кофейный домик -> Иридарий -> Растения Северо-запада -> Схема общественного транспорта -> Схема общественного транспорта,"https://yandex.ru/maps/?mode=routes&rtext=59.927085,30.317504~59.9318236,30.3049746~59.9316327,30.3171609~59.9329937,30.31754~59.9510215,30.3218083~59.9693733,30.3098922~59.9448828,30.3354022~59.9460357,30.3366859~59.9707354,30.321992~59.9690698,30.3263238~59.9281566,30.4126809~59.9221648,30.4199664~59.935408,30.327108&rtt=pd"

user_2_2_religion_focus,0,2220.3818721852467,29.7525372505188,2,Ирэна -> Краски,"https://yandex.ru/maps/?mode=routes&rtext=59.927085,30.317504~59.9337464,30.3108591~59.9298207,30.3176786~59.935408,30.327108&rtt=pd"
user_2_2_religion_focus,63,169939.1026680824,29.7525372505188,15,Место-сюрприз -> Птицы леса -> Место-сюрприз -> Грот на берегу Шапельного пруда -> Пешеходный маршрут Долина реки Славянки -> Место-сюрприз -> К. Н. Лаптеву -> Парадный партер и Коронный фонтан -> Боскет «Птичий двор» -> Коллекция скульптуры Летнего сада -> Фонтан «Лакоста» -> В. Н. Салманову -> Бегемот -> Место-сюрприз -> Место-сюрприз,"https://yandex.ru/maps/?mode=routes&rtext=59.927085,30.317504~59.8269506,30.0719732~60.182049,29.7825291~60.1852235,29.8079709~59.7149784,30.3783905~59.6890917,30.4578097~59.9485831,30.316983~59.9603244,30.3170617~59.946206,30.3336133~59.9462482,30.3343901~59.9451168,30.3354891~59.9460523,30.3358559~59.9429212,30.347921~60.0308097,30.3005773~59.9489844,30.3754511~60.0108659,30.4293193~59.935408,30.327108&rtt=pd"
user_2_2_religion_focus,55,100537.33743323167,29.7525372505188,15,"Место-сюрприз -> Грот на берегу Шапельного пруда -> Пешеходный маршрут Долина реки Славянки -> Веломаршрут №2, Веломаршрут №3 -> Место-сюрприз -> А. А. Борисяку -> Место-сюрприз -> К. Н. Лаптеву -> Парадный партер и Коронный фонтан -> Боскет «Птичий двор» -> Коллекция скульптуры Летнего сада -> Фонтан «Лакоста» -> В. Н. Салманову -> Место-сюрприз -> Место-сюрприз","https://yandex.ru/maps/?mode=routes&rtext=59.927085,30.317504~59.8269506,30.0719732~59.7149784,30.3783905~59.6890917,30.4578097~59.6952795,30.4783943~59.9380373,30.280544~59.936536,30.2859921~59.9485831,30.316983~59.9603244,30.3170617~59.946206,30.3336133~59.9462482,30.3343901~59.9451168,30.3354891~59.9460523,30.3358559~59.9429212,30.347921~59.9489844,30.3754511~60.0108659,30.4293193~59.935408,30.327108&rtt=pd"

user_2_3_religion_focus,1,1580.110840114642,27.04971408843994,1,Исполнению Седьмой (Ленинградской) симфонии Д. Д. Шостаковича,"https://yandex.ru/maps/?mode=routes&rtext=59.927085,30.317504~59.9364794,30.3315533~59.935408,30.327108&rtt=pd"
user_2_3_religion_focus,68,81226.07875775873,27.04971408843994,15,"Бойцам орудийного расчёта 42 армии -> Место-сюрприз -> Веломаршрут №1, Веломаршрут №2, Веломаршрут №4 -> Место-сюрприз -> Пешеходный маршрут Долина реки Славянки -> Схема кладбища -> Буйвол -> Апостол Пётр -> Место-сюрприз -> Александру III -> Летний сад -> Лабиринт -> Место-сюрприз -> Место-сюрприз -> Схема общественного транспорта","https://yandex.ru/maps/?mode=routes&rtext=59.927085,30.317504~59.7675158,30.3242282~59.7111347,30.3992021~59.6858936,30.45477~59.6851759,30.4558302~59.6883038,30.4593252~59.9416058,30.254915~59.8679952,30.3771228~59.9365499,30.3238708~59.9498138,30.3208055~59.9453876,30.3274499~59.9419529,30.3369538~59.9442929,30.3351284~59.9491134,30.3772017~59.9285909,30.4090085~59.9227072,30.4188768~59.935408,30.327108&rtt=pd"
user_2_3_religion_focus,52,52320.35951951659,27.04971408843994,15,Миклашевская дорожка -> Схема кладбища -> И. И. Шувалову -> Буйвол -> Апостол Пётр -> Могила Александра III -> Исполнению Седьмой (Ленинградской) симфонии Д. Д. Шостаковича -> А. А. Кузнецову -> Место-сюрприз -> Александру III -> Лабиринт -> Место-сюрприз -> Место-сюрприз -> Место-сюрприз -> Схема общественного транспорта,"https://yandex.ru/maps/?mode=routes&rtext=59.927085,30.317504~59.943659,30.25015~59.9416058,30.254915~59.9378004,30.2898802~59.8679952,30.3771228~59.9365499,30.3238708~59.9502401,30.3162201~59.9364794,30.3315533~59.9621791,30.3099301~59.9498138,30.3208055~59.9453876,30.3274499~59.9442929,30.3351284~59.9396535,30.3561741~59.9491134,30.3772017~59.9285909,30.4090085~59.9227072,30.4188768~59.935408,30.327108&rtt=pd"

user_2_4_religion_focus,5,1800.2481664901977,24.399354696273804,1,Городское туристско-информационное бюро,"https://yandex.ru/maps/?mode=routes&rtext=59.927085,30.317504~59.934739,30.3356203~59.935408,30.327108&rtt=pd"
user_2_4_religion_focus,60,69286.83788941379,24.399354696273804,15,"Место-сюрприз -> Тверская дорожка -> Место-сюрприз -> М. П. Мусоргский -> А. В. Суворову -> Большая сцена, малая сцена, касса театра, служебный вход -> Место-сюрприз -> В. Г. Яну -> Городское туристско-информационное бюро -> Кассы -> Летний сад -> Танк Т-80 -> Место-сюрприз -> В. М. Бехтерев -> Схема общественного транспорта","https://yandex.ru/maps/?mode=routes&rtext=59.927085,30.317504~59.8482407,30.1722191~59.941941,30.246271~59.9066254,30.2984689~59.9101571,30.2980547~59.9198547,30.2991383~59.9198173,30.3126151~59.8563524,30.3994579~59.9294976,30.3370912~59.934739,30.3356203~59.950962,30.3220784~59.9419529,30.3369538~59.9085832,30.3686251~59.9691486,30.3194834~59.9033903,30.403543~59.9280061,30.4125072~59.935408,30.327108&rtt=pd"
user_2_4_religion_focus,50,39839.35443205509,24.399354696273804,13,"Тверская дорожка -> Место-сюрприз -> М. П. Мусоргский -> А. В. Суворову -> Большая сцена, малая сцена, касса театра, служебный вход -> А. П. Павловой -> Городское туристско-информационное бюро -> Кассы -> Летний сад -> Танк Т-80 -> Место-сюрприз -> В. М. Бехтерев -> Схема общественного транспорта","https://yandex.ru/maps/?mode=routes&rtext=59.927085,30.317504~59.941941,30.246271~59.9066254,30.2984689~59.9101571,30.2980547~59.9198547,30.2991383~59.9198173,30.3126151~59.9367087,30.3302669~59.934739,30.3356203~59.950962,30.3220784~59.9419529,30.3369538~59.9085832,30.3686251~59.9691486,30.3194834~59.9033903,30.403543~59.9280061,30.4125072~59.935408,30.327108&rtt=pd"
